{"Gryffindor": {"feature": "Flying", "weight": 5.135455642629425, "bias": -4.355013081101585, "mean": 21.9580125, "std": 97.60108742375692}, "Hufflepuff": {"feature": "Ancient Runes", "weight": -2.0576413318677433, "bias": -1.4214138762045427, "mean": 495.3813379341742, "std": 106.09794906543186}, "Ravenclaw": {"feature": "Charms", "weight": 4.851710537723318, "bias": -3.4788820704496284, "mean": -243.3744090125, "std": 8.780894559533117}, "Slytherin": {"feature": "Divination", "weight": -4.2694813564698775, "bias": -3.7101490134541866, "mean": 3.1356384375, "std": 4.1619697066928305}}