{"Gryffindor": {"feature": "Flying", "weight": 5.136983305284714, "bias": -4.354948106852667, "mean": 21.9580125, "std": 97.63160206806158}, "Hufflepuff": {"feature": "Ancient Runes", "weight": -1.9327981032756856, "bias": -1.3274953000074035, "mean": 496.5515756603821, "std": 105.25285590531804}, "Ravenclaw": {"feature": "Charms", "weight": 4.853215298636818, "bias": -3.4788713976388244, "mean": -243.3744090125, "std": 8.783639876017117}, "Slytherin": {"feature": "Divination", "weight": -3.5916731049306265, "bias": -3.074110333270912, "mean": 3.20956, "std": 4.119396323363787}}